id,profile_id,checklist_template_id,can_apply,view_report,receive_email,assigned_at,company_id
00716857-1915-4b9e-8aca-09472f436327,a14804ec-9cff-432b-b9cb-a88d2977f08f,chk_1768267134035,true,true,false,2026-01-17 18:44:40.941696+00,e568c1dd-5848-4b99-b351-77d5d2606d74
013cad92-c954-4707-9058-a960727c6d3d,84d5e071-2761-491f-a74a-b1af9af64783,chk_1768534685157_eqtc08xoa,true,true,false,2026-01-17 18:45:49.963046+00,e568c1dd-5848-4b99-b351-77d5d2606d74
01a40337-8f76-4207-9364-0e40672c9159,e112eb49-e5e0-4263-b739-5517865f73bd,chk_1768531239676_a3rsp1649,true,false,false,2026-01-17 17:40:25.9423+00,e568c1dd-5848-4b99-b351-77d5d2606d74
021a8a27-bd36-4f77-a972-cb3bb69e086b,4ddd8018-32a6-4b7b-b69a-966ad37d3652,chk_1768535170722_8sznjqkzl,true,true,false,2026-01-16 03:51:00.344828+00,e568c1dd-5848-4b99-b351-77d5d2606d74
02435a84-6c06-43b2-8211-4d9243ba7f5f,1f026c30-c1d1-49c6-be87-b789ae1e924f,chk_1768267134035,true,true,false,2026-01-17 18:45:33.96475+00,e568c1dd-5848-4b99-b351-77d5d2606d74
02ac68fc-bf3c-4680-8c19-f194a2ce809d,e1bcd103-deb2-4f4f-b175-65b6ffe308d6,chk_1768531239676_a3rsp1649,true,true,false,2026-01-17 18:44:23.453141+00,e568c1dd-5848-4b99-b351-77d5d2606d74
02cd079e-928e-4577-86ab-92b560d505a4,837fd45b-10a4-471e-81c5-3795e41a8c13,chk_1768534614970_wldiuulvr,true,true,false,2026-01-17 18:43:23.287109+00,e568c1dd-5848-4b99-b351-77d5d2606d74
035ae55f-b20b-4023-80b7-147013ec35c8,22a4c911-18e4-4cb1-8323-9f7f766c6ff4,chk_1768529622288,true,false,false,2026-01-17 18:24:40.688463+00,e568c1dd-5848-4b99-b351-77d5d2606d74
046423bd-ac1c-456a-96d5-40cb0a2285ad,a7a8df7b-f733-422e-93a2-b2c510b9cede,chk_1768532185903_v51gvr24u,true,false,false,2026-01-17 18:18:24.563687+00,e568c1dd-5848-4b99-b351-77d5d2606d74
0596c46f-040a-43ad-9f8a-55d0c55cb680,1f026c30-c1d1-49c6-be87-b789ae1e924f,chk_1768531239676_a3rsp1649,true,true,false,2026-01-17 18:45:33.96475+00,e568c1dd-5848-4b99-b351-77d5d2606d74
07133659-7821-4860-a263-cf31fc979284,873f3d7f-b84d-46f5-bfee-0211429649a9,chk_1768529622288,true,false,false,2026-01-16 02:15:28.053801+00,e568c1dd-5848-4b99-b351-77d5d2606d74
07209db8-ac63-46d1-8e13-54d40a66c433,5f362e07-8eab-4626-97a2-ba141aa79fd7,chk_1768531239676_a3rsp1649,true,true,false,2026-01-17 18:43:44.583162+00,e568c1dd-5848-4b99-b351-77d5d2606d74
07934fde-12ea-4fbb-877e-5e9453a851b9,c24aab2b-8bba-4b0d-b510-e39f2cbf1f30,chk_1768534385446_17i9vkcsw,true,true,false,2026-01-17 18:44:56.318987+00,e568c1dd-5848-4b99-b351-77d5d2606d74
087d1922-a4e2-407b-a2f6-346ea886379e,1b07d8a1-2f49-4845-8aca-12f3224efe5d,chk_1768531239676_a3rsp1649,true,true,false,2026-01-17 18:45:13.72703+00,e568c1dd-5848-4b99-b351-77d5d2606d74
09c11148-e396-4943-8028-1a5bc6485404,c89cbda8-3bd8-49cc-b5c1-7e531c3b004d,chk_1768532185903_v51gvr24u,true,false,false,2026-01-17 17:50:28.643887+00,e568c1dd-5848-4b99-b351-77d5d2606d74
09fcc113-26b0-484b-a4f4-04885eba6e7e,2d3c8614-9e9a-4274-a732-fec8b1d3dc09,chk_1768534614970_wldiuulvr,true,true,false,2026-01-17 18:42:58.426257+00,e568c1dd-5848-4b99-b351-77d5d2606d74
0ae567cc-f34a-41d4-a696-963dff8a33e6,e1bcd103-deb2-4f4f-b175-65b6ffe308d6,chk_1768534614970_wldiuulvr,true,true,false,2026-01-17 18:44:23.453141+00,e568c1dd-5848-4b99-b351-77d5d2606d74
0b6148aa-a29d-40d0-a259-4327a8cdedc7,4ddd8018-32a6-4b7b-b69a-966ad37d3652,chk_1768532185903_v51gvr24u,true,true,false,2026-01-16 02:59:20.911904+00,e568c1dd-5848-4b99-b351-77d5d2606d74
0bcc3204-df83-4415-b0c5-c3848057489c,22a4c911-18e4-4cb1-8323-9f7f766c6ff4,chk_1768531239676_a3rsp1649,true,false,false,2026-01-17 18:24:41.170124+00,e568c1dd-5848-4b99-b351-77d5d2606d74
0bf33b78-515d-48a9-a24d-e64e32e287ca,1f026c30-c1d1-49c6-be87-b789ae1e924f,chk_1768534685157_eqtc08xoa,true,true,false,2026-01-17 18:45:33.96475+00,e568c1dd-5848-4b99-b351-77d5d2606d74
0d7ff78b-5f8a-4cea-a5e0-83a7e31cf7b8,1b07d8a1-2f49-4845-8aca-12f3224efe5d,chk_1768534289491_2i8sc61jq,true,true,false,2026-01-17 18:45:13.72703+00,e568c1dd-5848-4b99-b351-77d5d2606d74
0e3b1681-608e-48ff-b1ba-5febea499b2b,6e793342-815b-4aec-81db-40179ef6c9f7,chk_1768532185903_v51gvr24u,true,false,false,2026-01-17 18:23:32.670495+00,e568c1dd-5848-4b99-b351-77d5d2606d74
0ec7f1f1-2f97-450c-bb7f-7a939b018394,8295c348-2a9d-4767-ac78-a53dec74efa1,chk_1768534967096_z2qvknbje,true,true,false,2026-01-16 03:51:50.080962+00,e568c1dd-5848-4b99-b351-77d5d2606d74
0ff3e541-fb3a-4b08-8e26-809314d41470,8e501f33-519f-4f12-a448-5672d0baf306,chk_1768532185903_v51gvr24u,true,false,false,2026-01-17 17:42:57.785577+00,e568c1dd-5848-4b99-b351-77d5d2606d74
1124b8f5-5f1d-4a4b-908c-afd6db70b228,5f362e07-8eab-4626-97a2-ba141aa79fd7,chk_1768534967096_z2qvknbje,true,true,false,2026-01-17 18:43:44.583162+00,e568c1dd-5848-4b99-b351-77d5d2606d74
1178f3aa-bcb7-4d07-bdde-b25f202877b8,4ddd8018-32a6-4b7b-b69a-966ad37d3652,chk_1768267134035,true,false,false,2026-01-15 03:35:16.350629+00,e568c1dd-5848-4b99-b351-77d5d2606d74
11890c8b-8e7f-4cf6-9024-26ff5ab42685,2b98be8b-2733-4bd7-b380-b1b26cefffd1,chk_1768529622288,true,false,false,2026-01-17 17:44:18.973147+00,e568c1dd-5848-4b99-b351-77d5d2606d74
11a1f10e-55d8-454c-9333-2e49ef57fe8a,4ddd8018-32a6-4b7b-b69a-966ad37d3652,chk_1768534685157_eqtc08xoa,true,true,false,2026-01-16 03:52:27.585181+00,e568c1dd-5848-4b99-b351-77d5d2606d74
11b8c1a3-e5b7-4146-981e-ac6412f1bdcf,bfd281b6-cd4e-4a84-b21a-583391ce5de4,chk_1768534685157_eqtc08xoa,true,true,false,2026-01-17 18:46:25.132516+00,e568c1dd-5848-4b99-b351-77d5d2606d74
11c74cba-39c7-4524-b6d0-b9e2082d6eab,84d5e071-2761-491f-a74a-b1af9af64783,chk_1768267134035,true,true,false,2026-01-17 18:45:49.963046+00,e568c1dd-5848-4b99-b351-77d5d2606d74
144950fb-c49f-4932-9399-6378ae4b76dd,e8bf9f79-53c8-4ef7-bcc2-432310ace4e1,chk_1768529622288,true,false,false,2026-01-16 02:15:28.053801+00,e568c1dd-5848-4b99-b351-77d5d2606d74
158390ed-e8c5-4ba7-b8f3-11ceb0b93b3f,8d2ccc37-d3d4-4dc8-b7ba-151c54ae5f27,chk_1768531239676_a3rsp1649,true,false,false,2026-01-17 18:15:52.692109+00,e568c1dd-5848-4b99-b351-77d5d2606d74
168e3279-739e-4616-a526-728cbaf3a369,c24aab2b-8bba-4b0d-b510-e39f2cbf1f30,chk_1768529622288,true,true,false,2026-01-17 18:44:56.318987+00,e568c1dd-5848-4b99-b351-77d5d2606d74
17a898e2-8b44-48f2-b5c2-535a9197cd83,78195f93-cd97-4305-89e0-5ef9bc2e3850,chk_1768529622288,true,true,false,2026-01-16 02:15:28.053801+00,e568c1dd-5848-4b99-b351-77d5d2606d74
17f2a798-8c3f-4380-b1ed-13671ea79b66,a14804ec-9cff-432b-b9cb-a88d2977f08f,chk_1768534614970_wldiuulvr,true,true,false,2026-01-17 18:44:40.941696+00,e568c1dd-5848-4b99-b351-77d5d2606d74
17f3af17-714a-4fac-95f3-a332cad8bfff,e1bcd103-deb2-4f4f-b175-65b6ffe308d6,chk_1768267134035,true,true,false,2026-01-17 18:44:23.453141+00,e568c1dd-5848-4b99-b351-77d5d2606d74
18c1caf0-935e-4e4f-86e6-ce9855eb33fd,25989df6-3d75-4855-a164-0859708e0e48,chk_1768531239676_a3rsp1649,true,false,false,2026-01-17 17:40:04.12313+00,e568c1dd-5848-4b99-b351-77d5d2606d74
1ad4b1d1-1d30-487c-b37e-df79eb55c05b,5f362e07-8eab-4626-97a2-ba141aa79fd7,chk_1768534614970_wldiuulvr,true,true,false,2026-01-17 18:43:44.583162+00,e568c1dd-5848-4b99-b351-77d5d2606d74
1c50e121-613d-4ff5-a3de-59791afe011c,9f1ac415-b54d-4adb-9f37-908f434024a1,chk_1768529622288,true,false,false,2026-01-16 02:15:28.053801+00,e568c1dd-5848-4b99-b351-77d5d2606d74
1c6c0c45-8ec1-4107-9764-3115ad77f195,1319317e-2971-4144-a02f-69727894dfcb,chk_1768531239676_a3rsp1649,true,false,false,2026-01-17 17:43:41.154442+00,e568c1dd-5848-4b99-b351-77d5d2606d74
1c77173b-06fe-477c-a050-0b235d1175de,bfd281b6-cd4e-4a84-b21a-583391ce5de4,chk_1768534614970_wldiuulvr,true,true,false,2026-01-17 18:46:25.132516+00,e568c1dd-5848-4b99-b351-77d5d2606d74
1d50aa9e-8005-4386-afb3-3a3bcd6effb8,1f026c30-c1d1-49c6-be87-b789ae1e924f,chk_1768534614970_wldiuulvr,true,true,false,2026-01-17 18:45:33.96475+00,e568c1dd-5848-4b99-b351-77d5d2606d74
1ee9f530-e43d-4977-b0bf-632b68aa9a89,8295c348-2a9d-4767-ac78-a53dec74efa1,chk_1768531239676_a3rsp1649,true,true,false,2026-01-16 02:41:12.974999+00,e568c1dd-5848-4b99-b351-77d5d2606d74
20d798d6-fd57-4f6d-a243-d123eb4e7290,1b07d8a1-2f49-4845-8aca-12f3224efe5d,chk_1768534750797_yljef9es9,true,true,false,2026-01-17 18:45:13.72703+00,e568c1dd-5848-4b99-b351-77d5d2606d74
224d304a-649b-4c01-9b64-9a495a2dda91,5f362e07-8eab-4626-97a2-ba141aa79fd7,chk_1768534289491_2i8sc61jq,true,true,false,2026-01-17 18:43:44.583162+00,e568c1dd-5848-4b99-b351-77d5d2606d74
227b9e03-9737-4167-b035-4fbf033ca0a2,2c7154b7-f704-4348-8d8b-9ba8d507714b,chk_1768531239676_a3rsp1649,true,false,false,2026-01-17 17:46:18.219822+00,e568c1dd-5848-4b99-b351-77d5d2606d74
2334f34f-ede7-482f-9f04-9bfdc7267b2d,75d7ea31-a653-40b4-8e4d-0475f0833841,chk_1768529622288,true,false,false,2026-01-17 17:36:00.730974+00,e568c1dd-5848-4b99-b351-77d5d2606d74
23ac2343-ed7c-44b6-b2df-2471383a4220,c24aab2b-8bba-4b0d-b510-e39f2cbf1f30,chk_1768534967096_z2qvknbje,true,true,false,2026-01-17 18:44:56.318987+00,e568c1dd-5848-4b99-b351-77d5d2606d74
26a1a9c2-7c38-4b68-9d27-39b88aa50651,841744fa-8409-4751-b8e0-9749fa8f7809,chk_1768531239676_a3rsp1649,true,false,false,2026-01-17 18:21:59.016667+00,e568c1dd-5848-4b99-b351-77d5d2606d74
27dd9f66-8344-4703-b5d9-44ce37deecb8,96bb15f9-5484-45c9-bff8-ff3030164f72,chk_1768531239676_a3rsp1649,true,false,false,2026-01-17 18:31:11.863815+00,e568c1dd-5848-4b99-b351-77d5d2606d74
28663747-ddd3-48ef-b299-293389d4268b,3abd0f8e-1e09-4d71-b323-8945583d424b,chk_1768531239676_a3rsp1649,true,false,false,2026-01-17 17:47:36.090746+00,e568c1dd-5848-4b99-b351-77d5d2606d74
288889c7-cd15-4dec-8c20-04d03aa349c8,96bb15f9-5484-45c9-bff8-ff3030164f72,chk_1768532185903_v51gvr24u,true,false,false,2026-01-17 18:31:12.502348+00,e568c1dd-5848-4b99-b351-77d5d2606d74
29c0e9b6-36fd-467e-8cca-2d780b206874,5cadccb2-0bc5-4a3c-a4c9-deac2266c47e,chk_1768532185903_v51gvr24u,true,false,false,2026-01-17 17:46:59.584208+00,e568c1dd-5848-4b99-b351-77d5d2606d74
29d1aef9-27f8-488f-81d9-18eb4045677f,84d5e071-2761-491f-a74a-b1af9af64783,chk_1768531239676_a3rsp1649,true,true,false,2026-01-17 18:45:49.963046+00,e568c1dd-5848-4b99-b351-77d5d2606d74
2a3533e4-14b6-4409-b5be-0cd65fac66ee,03292f95-7b0e-46a7-841a-1bbe551457b9,chk_1768529622288,true,false,false,2026-01-17 17:50:02.118734+00,e568c1dd-5848-4b99-b351-77d5d2606d74
2bf73369-9b2c-4283-a94a-ffed6a62ab6e,e1bcd103-deb2-4f4f-b175-65b6ffe308d6,chk_1768534685157_eqtc08xoa,true,true,false,2026-01-17 18:44:23.453141+00,e568c1dd-5848-4b99-b351-77d5d2606d74
2c5011d4-2db7-4834-b7ea-040f3578b44a,a7a8df7b-f733-422e-93a2-b2c510b9cede,chk_1768529622288,true,false,false,2026-01-16 02:15:28.053801+00,e568c1dd-5848-4b99-b351-77d5d2606d74
2c9651c5-d47a-4213-892e-ac4bf85042c1,65833156-69ac-4e97-b633-dbe22588fe85,chk_1768532185903_v51gvr24u,true,false,false,2026-01-17 17:48:29.640118+00,e568c1dd-5848-4b99-b351-77d5d2606d74
2daae27a-d470-4e87-ad24-1f051800865a,bfd281b6-cd4e-4a84-b21a-583391ce5de4,chk_1768267134035,true,true,false,2026-01-17 18:46:25.132516+00,e568c1dd-5848-4b99-b351-77d5d2606d74
32a3ef6b-890d-4bca-a381-4b65c1088c1a,03e832dd-1532-4b41-9d93-0c875d384f22,chk_1768529622288,true,false,false,2026-01-17 17:41:55.583101+00,e568c1dd-5848-4b99-b351-77d5d2606d74
330cec17-c518-4650-96f6-08d032030904,2d3c8614-9e9a-4274-a732-fec8b1d3dc09,chk_1768534967096_z2qvknbje,true,true,false,2026-01-17 18:42:58.426257+00,e568c1dd-5848-4b99-b351-77d5d2606d74
3318193f-10b6-4403-8829-7626f4407909,397534d9-1734-4902-8e61-0eef0acb43a8,chk_1768531239676_a3rsp1649,true,false,false,2026-01-17 18:20:05.70972+00,e568c1dd-5848-4b99-b351-77d5d2606d74
334bb48f-39f2-42d5-955b-b97b2a865cb7,a267184c-afdb-43b7-9480-9985bb784bb9,chk_1768532185903_v51gvr24u,true,false,false,2026-01-17 18:24:57.766613+00,e568c1dd-5848-4b99-b351-77d5d2606d74
336baf31-4ee0-437e-8f93-374b19b48fb4,22a4c911-18e4-4cb1-8323-9f7f766c6ff4,chk_1768532185903_v51gvr24u,true,false,false,2026-01-17 18:24:41.537755+00,e568c1dd-5848-4b99-b351-77d5d2606d74
33a05301-fed3-4e5d-be99-ba8ed00cc1f1,e1bcd103-deb2-4f4f-b175-65b6ffe308d6,chk_1768534750797_yljef9es9,true,true,false,2026-01-17 18:44:23.453141+00,e568c1dd-5848-4b99-b351-77d5d2606d74
346419fc-42b7-482e-97d9-ee406447f8e1,dbe6de55-8bc3-449d-820c-808dd245cf41,chk_1768531239676_a3rsp1649,true,false,false,2026-01-17 17:43:16.81617+00,e568c1dd-5848-4b99-b351-77d5d2606d74
34991812-60d6-4617-a317-b1283023667d,6ba7a622-32df-4b2a-aef7-1adf7a793c7c,chk_1768532185903_v51gvr24u,true,false,false,2026-01-17 17:47:18.157681+00,e568c1dd-5848-4b99-b351-77d5d2606d74
350ad68e-8614-4bad-bce5-09d70b1a6eba,5299c04d-3da3-4be3-9c25-5d4f2c6b8b7c,chk_1768529622288,true,false,false,2026-01-17 17:40:36.279473+00,e568c1dd-5848-4b99-b351-77d5d2606d74
35b401dd-b737-49d2-bfaa-5119f208ff7d,bfd281b6-cd4e-4a84-b21a-583391ce5de4,chk_1768534967096_z2qvknbje,true,true,false,2026-01-17 18:46:25.132516+00,e568c1dd-5848-4b99-b351-77d5d2606d74
3663fdf4-355a-413b-a601-053a6502e8a1,cf0fea6d-9e91-484f-9c09-282b8018b6f6,chk_1768529622288,true,false,false,2026-01-17 18:14:54.843341+00,e568c1dd-5848-4b99-b351-77d5d2606d74
370ea319-8ceb-4161-b441-d04fd5f473fd,e1bcd103-deb2-4f4f-b175-65b6ffe308d6,chk_1768529622288,true,true,false,2026-01-16 02:15:28.053801+00,e568c1dd-5848-4b99-b351-77d5d2606d74
3829e64c-fee7-42f6-b9fa-676d177ff524,1b07d8a1-2f49-4845-8aca-12f3224efe5d,chk_1768534685157_eqtc08xoa,true,true,false,2026-01-17 18:45:13.72703+00,e568c1dd-5848-4b99-b351-77d5d2606d74
39224459-5479-4eb4-96c7-74beac9ee597,de0f04fc-3013-403e-9ee6-ef7e5a39fc4d,chk_1768531239676_a3rsp1649,true,false,false,2026-01-17 17:45:36.086325+00,e568c1dd-5848-4b99-b351-77d5d2606d74
3abd67b3-447f-4784-a1f6-874e645a393e,c524fcbd-7b4b-438f-a4b5-810278754f3c,chk_1768534685157_eqtc08xoa,true,true,false,2026-01-17 18:46:09.099002+00,e568c1dd-5848-4b99-b351-77d5d2606d74
3ba839db-b6b7-4b08-9284-1136a061bc32,c24aab2b-8bba-4b0d-b510-e39f2cbf1f30,chk_1768534750797_yljef9es9,true,true,false,2026-01-17 18:44:56.318987+00,e568c1dd-5848-4b99-b351-77d5d2606d74
3bff22f1-d7cb-4dbd-ab37-e7cf79f394dc,837fd45b-10a4-471e-81c5-3795e41a8c13,chk_1768534385446_17i9vkcsw,true,true,false,2026-01-17 18:43:23.287109+00,e568c1dd-5848-4b99-b351-77d5d2606d74
3c279cd0-e8c9-4156-8a34-5ca103744509,5299c04d-3da3-4be3-9c25-5d4f2c6b8b7c,chk_1768532185903_v51gvr24u,true,false,false,2026-01-17 17:40:37.255527+00,e568c1dd-5848-4b99-b351-77d5d2606d74
3c64790a-0427-43e5-9b23-40bcf9297831,2d3c8614-9e9a-4274-a732-fec8b1d3dc09,chk_1768534685157_eqtc08xoa,true,true,false,2026-01-17 18:42:58.426257+00,e568c1dd-5848-4b99-b351-77d5d2606d74
3d589573-318e-4382-8664-604cfee0bf89,84d5e071-2761-491f-a74a-b1af9af64783,chk_1768535170722_8sznjqkzl,true,true,false,2026-01-17 18:45:49.963046+00,e568c1dd-5848-4b99-b351-77d5d2606d74
3e2aed5b-1535-406b-9337-9841c408a1a8,837fd45b-10a4-471e-81c5-3795e41a8c13,chk_1768534289491_2i8sc61jq,true,true,false,2026-01-17 18:43:23.287109+00,e568c1dd-5848-4b99-b351-77d5d2606d74
3fc6fd2e-98e4-4116-84cb-5b261f91f789,3abd0f8e-1e09-4d71-b323-8945583d424b,chk_1768529622288,true,false,false,2026-01-16 02:15:28.053801+00,e568c1dd-5848-4b99-b351-77d5d2606d74
3fd2c31c-abd6-4e3c-9ebc-1ca7e5f9ec9b,e112eb49-e5e0-4263-b739-5517865f73bd,chk_1768532185903_v51gvr24u,true,false,false,2026-01-17 17:40:25.274567+00,e568c1dd-5848-4b99-b351-77d5d2606d74
402ce365-7429-418f-a9da-a3156af1f331,2c7154b7-f704-4348-8d8b-9ba8d507714b,chk_1768532185903_v51gvr24u,true,false,false,2026-01-17 17:46:18.775009+00,e568c1dd-5848-4b99-b351-77d5d2606d74
40811106-9743-44bb-b2d4-dd20c74c327b,5f362e07-8eab-4626-97a2-ba141aa79fd7,chk_1768534385446_17i9vkcsw,true,true,false,2026-01-17 18:43:44.583162+00,e568c1dd-5848-4b99-b351-77d5d2606d74
408dc2f2-32f1-4751-a7ee-083f60857d61,6ee2c880-95ad-40f7-b1fa-2182b45901d7,chk_1768531239676_a3rsp1649,true,false,false,2026-01-17 18:25:19.583397+00,e568c1dd-5848-4b99-b351-77d5d2606d74
42639c45-a7b6-46cc-b3d9-89cdcac43ec7,8295c348-2a9d-4767-ac78-a53dec74efa1,chk_1768535170722_8sznjqkzl,true,true,false,2026-01-16 03:51:00.097025+00,e568c1dd-5848-4b99-b351-77d5d2606d74
43a65f53-6980-472a-a0e1-524b4a277054,c24aab2b-8bba-4b0d-b510-e39f2cbf1f30,chk_1768531239676_a3rsp1649,true,true,false,2026-01-17 18:44:56.318987+00,e568c1dd-5848-4b99-b351-77d5d2606d74
44e074eb-2599-4ee3-9484-5e311ce00c6f,839b69db-2b73-4806-8736-17d07d5ca848,chk_1768531239676_a3rsp1649,true,false,false,2026-01-17 18:20:49.156817+00,e568c1dd-5848-4b99-b351-77d5d2606d74
457a2958-0373-40f6-9d72-1c85befe88cb,4c180556-5423-4985-aac0-a7082e0dda53,chk_1768529622288,true,false,false,2026-01-16 02:15:28.053801+00,e568c1dd-5848-4b99-b351-77d5d2606d74
45a0cb99-9c15-4487-870b-1e8670bc7148,837fd45b-10a4-471e-81c5-3795e41a8c13,chk_1768267134035,true,true,false,2026-01-17 18:43:23.287109+00,e568c1dd-5848-4b99-b351-77d5d2606d74
467ebd3e-502e-401a-ac3a-216eae1b2725,1f026c30-c1d1-49c6-be87-b789ae1e924f,chk_1768529622288,true,true,false,2026-01-17 18:45:33.96475+00,e568c1dd-5848-4b99-b351-77d5d2606d74
46a7a4a7-30db-48bd-8495-1c02fd120fb2,8295c348-2a9d-4767-ac78-a53dec74efa1,chk_1768534289491_2i8sc61jq,true,true,false,2026-01-16 03:53:11.807102+00,e568c1dd-5848-4b99-b351-77d5d2606d74
47061437-b0a7-4fda-a805-c724f24602e7,a7a896e9-ee8c-4306-ac6c-46d85f1e9458,chk_1768531239676_a3rsp1649,true,false,false,2026-01-17 18:17:21.336754+00,e568c1dd-5848-4b99-b351-77d5d2606d74
497e3e5b-47c5-44f1-9187-319e9b0e2afb,77046217-1857-4087-9552-5db0e6ca6a08,chk_1768532185903_v51gvr24u,true,false,false,2026-01-17 18:40:23.296642+00,e568c1dd-5848-4b99-b351-77d5d2606d74
49cf7c49-803a-4f90-ba58-e49468b34aa2,c8e9020a-f446-4851-bee6-618d9b1bf564,chk_1768532185903_v51gvr24u,true,true,false,2026-01-17 18:44:03.255995+00,e568c1dd-5848-4b99-b351-77d5d2606d74
4adab30a-1dab-4c5f-9e41-d7cd66f6bc03,a14804ec-9cff-432b-b9cb-a88d2977f08f,chk_1768531239676_a3rsp1649,true,true,false,2026-01-17 18:44:40.941696+00,e568c1dd-5848-4b99-b351-77d5d2606d74
4c104571-7431-4dd6-ad7a-cc139eaa789b,c524fcbd-7b4b-438f-a4b5-810278754f3c,chk_1768534614970_wldiuulvr,true,true,false,2026-01-17 18:46:09.099002+00,e568c1dd-5848-4b99-b351-77d5d2606d74
4dae789c-a6ad-4ea2-a0be-83b43937d8ce,c524fcbd-7b4b-438f-a4b5-810278754f3c,chk_1768534385446_17i9vkcsw,true,true,false,2026-01-17 18:46:09.099002+00,e568c1dd-5848-4b99-b351-77d5d2606d74
4f568200-2cc9-4cd6-ad80-83ea27eb8fca,841744fa-8409-4751-b8e0-9749fa8f7809,chk_1768532185903_v51gvr24u,true,false,false,2026-01-17 18:21:59.484504+00,e568c1dd-5848-4b99-b351-77d5d2606d74
502da240-4112-4561-93eb-d62472c1c49e,c8e9020a-f446-4851-bee6-618d9b1bf564,chk_1768534078646_poatrjbcb,true,true,false,2026-01-17 18:44:03.255995+00,e568c1dd-5848-4b99-b351-77d5d2606d74
519ad12f-7d13-426c-81d7-7a326d21d69c,c524fcbd-7b4b-438f-a4b5-810278754f3c,chk_1768531239676_a3rsp1649,true,true,false,2026-01-17 18:46:09.099002+00,e568c1dd-5848-4b99-b351-77d5d2606d74
5278be3e-b0dd-42d7-b774-fed3cc59571a,77046217-1857-4087-9552-5db0e6ca6a08,chk_1768529622288,true,false,false,2026-01-17 18:40:22.724768+00,e568c1dd-5848-4b99-b351-77d5d2606d74
539618b1-4273-4b6a-844c-c18522f7f31e,e1bcd103-deb2-4f4f-b175-65b6ffe308d6,chk_1768534967096_z2qvknbje,true,true,false,2026-01-17 18:44:23.453141+00,e568c1dd-5848-4b99-b351-77d5d2606d74
53ca0299-b8f5-4110-9fa1-36a0cc4a4a6c,dbe6de55-8bc3-449d-820c-808dd245cf41,chk_1768532185903_v51gvr24u,true,false,false,2026-01-17 17:43:17.576122+00,e568c1dd-5848-4b99-b351-77d5d2606d74
5441a689-7a68-4729-84c0-3c6219573426,bfd281b6-cd4e-4a84-b21a-583391ce5de4,chk_1768532185903_v51gvr24u,true,true,false,2026-01-17 18:46:25.132516+00,e568c1dd-5848-4b99-b351-77d5d2606d74
545c655a-ce38-42c6-8117-c0ea20c4d6b0,2b98be8b-2733-4bd7-b380-b1b26cefffd1,chk_1768531239676_a3rsp1649,true,false,false,2026-01-17 17:44:19.32199+00,e568c1dd-5848-4b99-b351-77d5d2606d74
54c0a14f-83c5-404c-b71e-8923bb1e28f5,1b07d8a1-2f49-4845-8aca-12f3224efe5d,chk_1768535170722_8sznjqkzl,true,true,false,2026-01-17 18:45:13.72703+00,e568c1dd-5848-4b99-b351-77d5d2606d74
54de2b40-e428-4c5e-b870-edffe9787ed7,77046217-1857-4087-9552-5db0e6ca6a08,chk_1768531239676_a3rsp1649,true,false,false,2026-01-17 18:40:22.971543+00,e568c1dd-5848-4b99-b351-77d5d2606d74
54e632de-5469-4dec-86a4-c44380756652,8295c348-2a9d-4767-ac78-a53dec74efa1,chk_1768534750797_yljef9es9,true,true,false,2026-01-16 03:52:10.115122+00,e568c1dd-5848-4b99-b351-77d5d2606d74
55fa795a-bfe0-4733-91c8-9e324fc874e9,a14804ec-9cff-432b-b9cb-a88d2977f08f,chk_1768534385446_17i9vkcsw,true,true,false,2026-01-17 18:44:40.941696+00,e568c1dd-5848-4b99-b351-77d5d2606d74
5689f5f6-4176-40c3-a434-69bdfcb24fca,2d3c8614-9e9a-4274-a732-fec8b1d3dc09,chk_1768534289491_2i8sc61jq,true,true,false,2026-01-17 18:42:58.426257+00,e568c1dd-5848-4b99-b351-77d5d2606d74
57392c5f-708d-418e-8513-2d21cc0f4bbb,bfd281b6-cd4e-4a84-b21a-583391ce5de4,chk_1768534750797_yljef9es9,true,true,false,2026-01-17 18:46:25.132516+00,e568c1dd-5848-4b99-b351-77d5d2606d74
58793a73-a9d3-4f7c-98d6-6e3747d5092d,c524fcbd-7b4b-438f-a4b5-810278754f3c,chk_1768534078646_poatrjbcb,true,true,false,2026-01-17 18:46:09.099002+00,e568c1dd-5848-4b99-b351-77d5d2606d74
597bed62-5c1a-48df-96ba-008cc9a6d440,a7a8df7b-f733-422e-93a2-b2c510b9cede,chk_1768531239676_a3rsp1649,true,false,false,2026-01-17 18:18:24.250994+00,e568c1dd-5848-4b99-b351-77d5d2606d74
5980386d-adca-491d-a18e-86b6897e9ea3,b7f6e1f8-de3f-410c-8578-35a5a917cce7,chk_1768532185903_v51gvr24u,true,false,false,2026-01-17 17:50:50.915925+00,e568c1dd-5848-4b99-b351-77d5d2606d74
5a8c97c5-4a75-4419-8748-4065131a3f44,a267184c-afdb-43b7-9480-9985bb784bb9,chk_1768529622288,true,false,false,2026-01-16 02:15:28.053801+00,e568c1dd-5848-4b99-b351-77d5d2606d74
5aa16cbb-0beb-4875-bbab-0e33bf1475f2,a14804ec-9cff-432b-b9cb-a88d2977f08f,chk_1768535170722_8sznjqkzl,true,true,false,2026-01-17 18:44:40.941696+00,e568c1dd-5848-4b99-b351-77d5d2606d74
5aa7bec7-a980-4630-ac93-8c72cf1b2f6c,de0f04fc-3013-403e-9ee6-ef7e5a39fc4d,chk_1768529622288,true,false,false,2026-01-16 02:15:28.053801+00,e568c1dd-5848-4b99-b351-77d5d2606d74
5b52e35a-4e26-4b64-9252-b5ee56453a1f,6ba7a622-32df-4b2a-aef7-1adf7a793c7c,chk_1768529622288,true,false,false,2026-01-17 17:47:17.218535+00,e568c1dd-5848-4b99-b351-77d5d2606d74
5c0a9f22-a5d4-42d0-ad91-2976cdd9b280,89865982-f980-4941-97e7-ae84b8804f43,chk_1768531239676_a3rsp1649,true,false,false,2026-01-17 18:16:15.958561+00,e568c1dd-5848-4b99-b351-77d5d2606d74
5cfa401c-9660-4e16-90e8-55b9cc0ff04e,1319317e-2971-4144-a02f-69727894dfcb,chk_1768529622288,true,false,false,2026-01-17 17:43:40.841855+00,e568c1dd-5848-4b99-b351-77d5d2606d74
5e1d8348-0bed-4273-9059-d06f587c290e,9f1ac415-b54d-4adb-9f37-908f434024a1,chk_1768531239676_a3rsp1649,true,false,false,2026-01-17 17:40:15.163842+00,e568c1dd-5848-4b99-b351-77d5d2606d74
5ec0b23b-9d0a-4d18-84de-3eb08e0ded47,2d3c8614-9e9a-4274-a732-fec8b1d3dc09,chk_1768534385446_17i9vkcsw,true,true,false,2026-01-17 18:42:58.426257+00,e568c1dd-5848-4b99-b351-77d5d2606d74
5eefd1e8-87fd-4644-b661-bb4061e427da,b7f6e1f8-de3f-410c-8578-35a5a917cce7,chk_1768531239676_a3rsp1649,true,false,false,2026-01-17 17:50:50.507746+00,e568c1dd-5848-4b99-b351-77d5d2606d74
600d81de-e239-4dae-ae13-1ac6d37b03ea,e112eb49-e5e0-4263-b739-5517865f73bd,chk_1768529622288,true,false,false,2026-01-17 17:40:24.64961+00,e568c1dd-5848-4b99-b351-77d5d2606d74
609a9e21-6eeb-4bcb-9e3e-7eba34b60421,03292f95-7b0e-46a7-841a-1bbe551457b9,chk_1768531239676_a3rsp1649,true,false,false,2026-01-17 17:50:02.650245+00,e568c1dd-5848-4b99-b351-77d5d2606d74
60e2f5e7-49e4-457d-8c6f-f4c0062c9259,f0cc71b4-c65e-420d-9bf3-f4221f340458,chk_1768531239676_a3rsp1649,true,false,false,2026-01-17 17:35:38.845659+00,e568c1dd-5848-4b99-b351-77d5d2606d74
6273c9bd-d2ea-49da-8ddf-4d273cc2fc87,2d3c8614-9e9a-4274-a732-fec8b1d3dc09,chk_1768534078646_poatrjbcb,true,true,false,2026-01-17 18:42:58.426257+00,e568c1dd-5848-4b99-b351-77d5d2606d74
62921112-f230-4087-bb7e-2ab387313222,2c7154b7-f704-4348-8d8b-9ba8d507714b,chk_1768529622288,true,false,false,2026-01-17 17:46:17.843382+00,e568c1dd-5848-4b99-b351-77d5d2606d74
63dca5c0-ca7e-412f-8636-77c6c20b2b33,78195f93-cd97-4305-89e0-5ef9bc2e3850,chk_1768534289491_2i8sc61jq,true,true,false,2026-01-17 18:42:26.901477+00,e568c1dd-5848-4b99-b351-77d5d2606d74
63e303e8-5c75-47c8-8566-9f41ba46065f,8d2ccc37-d3d4-4dc8-b7ba-151c54ae5f27,chk_1768532185903_v51gvr24u,true,false,false,2026-01-17 18:15:53.129882+00,e568c1dd-5848-4b99-b351-77d5d2606d74
65941a77-77ab-4967-9516-0d354eba31e1,510c7e2f-53be-4366-93e8-9071e8ff9296,chk_1768532185903_v51gvr24u,true,false,false,2026-01-17 17:34:48.358905+00,e568c1dd-5848-4b99-b351-77d5d2606d74
6611d1c6-9f57-4dea-b983-b5411fcd1478,7e401c3b-3109-44a8-ae55-a073502f011c,chk_1768531239676_a3rsp1649,true,false,false,2026-01-17 17:42:37.479744+00,e568c1dd-5848-4b99-b351-77d5d2606d74
665c4c04-6d0f-4878-ae13-1c261b62766d,5f362e07-8eab-4626-97a2-ba141aa79fd7,chk_1768534685157_eqtc08xoa,true,true,false,2026-01-17 18:43:44.583162+00,e568c1dd-5848-4b99-b351-77d5d2606d74
673e98e8-7381-47be-b6f3-d65a436e439b,c8e9020a-f446-4851-bee6-618d9b1bf564,chk_1768534967096_z2qvknbje,true,true,false,2026-01-17 18:44:03.255995+00,e568c1dd-5848-4b99-b351-77d5d2606d74
6758e2ea-7020-4a11-8666-345d05c3085d,197fda01-45d4-4218-9afc-09ece49d6649,chk_1768532185903_v51gvr24u,true,false,false,2026-01-17 17:41:36.642079+00,e568c1dd-5848-4b99-b351-77d5d2606d74
68585d81-9e7e-4c7a-af2e-d293e10b90e7,78195f93-cd97-4305-89e0-5ef9bc2e3850,chk_1768531239676_a3rsp1649,true,true,false,2026-01-17 18:42:26.901477+00,e568c1dd-5848-4b99-b351-77d5d2606d74
68a059f4-a75a-4289-bed7-723aa49d991c,1f026c30-c1d1-49c6-be87-b789ae1e924f,chk_1768534078646_poatrjbcb,true,true,false,2026-01-17 18:45:33.96475+00,e568c1dd-5848-4b99-b351-77d5d2606d74
69cf87ec-9b32-4cbc-841a-e3cea7f448b7,bfd281b6-cd4e-4a84-b21a-583391ce5de4,chk_1768534385446_17i9vkcsw,true,true,false,2026-01-17 18:46:25.132516+00,e568c1dd-5848-4b99-b351-77d5d2606d74
6aa9399e-ce57-48f3-8db2-0d03500efff2,03e832dd-1532-4b41-9d93-0c875d384f22,chk_1768532185903_v51gvr24u,true,false,false,2026-01-17 17:41:56.453098+00,e568c1dd-5848-4b99-b351-77d5d2606d74
6b92ec6e-9af4-4bae-a5bd-ce347f74943d,a14804ec-9cff-432b-b9cb-a88d2977f08f,chk_1768534967096_z2qvknbje,true,true,false,2026-01-17 18:44:40.941696+00,e568c1dd-5848-4b99-b351-77d5d2606d74
6c5a0e0e-71a2-4ed4-866c-7ba8bf0b1341,c8be72ce-90f9-4ac1-a31a-015e55930fe4,chk_1768531239676_a3rsp1649,true,false,false,2026-01-17 17:38:34.644585+00,e568c1dd-5848-4b99-b351-77d5d2606d74
6c73c977-af09-4ae3-8da0-158512e6b876,1b07d8a1-2f49-4845-8aca-12f3224efe5d,chk_1768529622288,true,true,false,2026-01-16 02:15:28.053801+00,e568c1dd-5848-4b99-b351-77d5d2606d74
6c8c022d-bbac-4186-b07c-2d9d88746d40,4ddd8018-32a6-4b7b-b69a-966ad37d3652,chk_1768531239676_a3rsp1649,true,true,false,2026-01-16 02:41:13.226368+00,e568c1dd-5848-4b99-b351-77d5d2606d74
6d6fd3af-31a6-4eb4-87dc-4dde2d77df42,1f026c30-c1d1-49c6-be87-b789ae1e924f,chk_1768534750797_yljef9es9,true,true,false,2026-01-17 18:45:33.96475+00,e568c1dd-5848-4b99-b351-77d5d2606d74
6df7a7a9-f8d2-455c-b1a8-5685ba4e9d02,78195f93-cd97-4305-89e0-5ef9bc2e3850,chk_1768534967096_z2qvknbje,true,true,false,2026-01-17 18:42:26.901477+00,e568c1dd-5848-4b99-b351-77d5d2606d74
6e0c48cf-c626-4efb-89a5-af77bd371cd1,cf0fea6d-9e91-484f-9c09-282b8018b6f6,chk_1768532185903_v51gvr24u,true,false,false,2026-01-17 18:14:55.839604+00,e568c1dd-5848-4b99-b351-77d5d2606d74
6f64e7de-1915-4680-a87a-02c43e3a5866,a14804ec-9cff-432b-b9cb-a88d2977f08f,chk_1768534750797_yljef9es9,true,true,false,2026-01-17 18:44:40.941696+00,e568c1dd-5848-4b99-b351-77d5d2606d74
71e7c030-a967-4cdf-bd69-419e3ed389fe,c89cbda8-3bd8-49cc-b5c1-7e531c3b004d,chk_1768531239676_a3rsp1649,true,false,false,2026-01-17 17:50:28.05814+00,e568c1dd-5848-4b99-b351-77d5d2606d74
721a2507-6eea-4dfb-9cc4-74a193874f05,8e501f33-519f-4f12-a448-5672d0baf306,chk_1768529622288,true,false,false,2026-01-17 17:42:56.459382+00,e568c1dd-5848-4b99-b351-77d5d2606d74
7256f1fc-7c0f-45a8-9b06-9850d97f64de,1f026c30-c1d1-49c6-be87-b789ae1e924f,chk_1768534967096_z2qvknbje,true,true,false,2026-01-17 18:45:33.96475+00,e568c1dd-5848-4b99-b351-77d5d2606d74
72ac8e0d-d400-44da-9a19-da2e8853d97f,1b07d8a1-2f49-4845-8aca-12f3224efe5d,chk_1768267134035,true,true,false,2026-01-17 18:45:13.72703+00,e568c1dd-5848-4b99-b351-77d5d2606d74
72ad68ea-e75d-435c-97c5-22726bf51391,4ddd8018-32a6-4b7b-b69a-966ad37d3652,chk_1768534614970_wldiuulvr,true,true,false,2026-01-16 03:52:42.116755+00,e568c1dd-5848-4b99-b351-77d5d2606d74
72e3c50d-8256-4515-b274-73fddc40b182,84d5e071-2761-491f-a74a-b1af9af64783,chk_1768532185903_v51gvr24u,true,true,false,2026-01-17 18:45:49.963046+00,e568c1dd-5848-4b99-b351-77d5d2606d74
730fe0be-dcab-4e5e-b211-4f419b3ed3e9,c524fcbd-7b4b-438f-a4b5-810278754f3c,chk_1768532185903_v51gvr24u,true,true,false,2026-01-17 18:46:09.099002+00,e568c1dd-5848-4b99-b351-77d5d2606d74
738e802a-9473-4227-a5ed-6f71ce9e653a,c8e9020a-f446-4851-bee6-618d9b1bf564,chk_1768534289491_2i8sc61jq,true,true,false,2026-01-17 18:44:03.255995+00,e568c1dd-5848-4b99-b351-77d5d2606d74
7444e33d-6eea-4811-b8bc-9804e60d250e,03292f95-7b0e-46a7-841a-1bbe551457b9,chk_1768532185903_v51gvr24u,true,false,false,2026-01-17 17:50:03.216224+00,e568c1dd-5848-4b99-b351-77d5d2606d74
754bb724-03db-45d6-9e63-24d6d4388fcc,27bca870-846c-4a02-823f-5a6b8fbc0d64,chk_1768531239676_a3rsp1649,true,false,false,2026-01-17 17:45:17.56249+00,e568c1dd-5848-4b99-b351-77d5d2606d74
75638590-c264-4e0f-9b96-b260710cda7f,5f362e07-8eab-4626-97a2-ba141aa79fd7,chk_1768529622288,true,true,false,2026-01-17 18:43:44.583162+00,e568c1dd-5848-4b99-b351-77d5d2606d74
76161e1d-54fb-4686-a317-b26f94b0624c,6ee2c880-95ad-40f7-b1fa-2182b45901d7,chk_1768529622288,true,false,false,2026-01-17 18:25:19.233149+00,e568c1dd-5848-4b99-b351-77d5d2606d74
763da067-056e-4d87-9c24-d982cab138a9,10bd0004-116e-45e2-9ac0-89f2c6204fa1,chk_1768532185903_v51gvr24u,true,false,false,2026-01-17 18:29:21.414268+00,e568c1dd-5848-4b99-b351-77d5d2606d74
76de5065-1835-4508-9634-4d5f21827644,a3b59cb0-3f51-4fc5-a420-226fcd52340b,chk_1768529622288,true,false,false,2026-01-20 02:02:28.308188+00,e568c1dd-5848-4b99-b351-77d5d2606d74
78b65eb5-fc81-4b1b-9069-a34896a74194,837fd45b-10a4-471e-81c5-3795e41a8c13,chk_1768534078646_poatrjbcb,true,true,false,2026-01-17 18:43:23.287109+00,e568c1dd-5848-4b99-b351-77d5d2606d74
7902ad14-aa2f-4941-8554-2d6764acfbcb,a7723ae4-6755-4ef8-a1e5-84567f018ac6,chk_1768531239676_a3rsp1649,true,false,false,2026-01-17 18:22:57.569406+00,e568c1dd-5848-4b99-b351-77d5d2606d74
7905fa92-bf97-4b39-b2e5-2618fc1cb66d,c24aab2b-8bba-4b0d-b510-e39f2cbf1f30,chk_1768532185903_v51gvr24u,true,true,false,2026-01-17 18:44:56.318987+00,e568c1dd-5848-4b99-b351-77d5d2606d74
7914463e-5464-4b6d-a32f-21a481b54567,96bb15f9-5484-45c9-bff8-ff3030164f72,chk_1768529622288,true,false,false,2026-01-16 02:15:28.053801+00,e568c1dd-5848-4b99-b351-77d5d2606d74
796fab21-2896-4bef-9634-d6f979ecb55a,8295c348-2a9d-4767-ac78-a53dec74efa1,chk_1768534685157_eqtc08xoa,true,true,false,2026-01-16 03:52:27.087591+00,e568c1dd-5848-4b99-b351-77d5d2606d74
7b56d7e1-f1fd-4c10-af95-18ef52cbb2c9,397534d9-1734-4902-8e61-0eef0acb43a8,chk_1768532185903_v51gvr24u,true,false,false,2026-01-17 18:20:06.321144+00,e568c1dd-5848-4b99-b351-77d5d2606d74
7c412f6b-faf6-499e-ba09-ffa069233d31,ad53f153-d00d-4bdf-981a-1d2813606509,chk_1768531239676_a3rsp1649,true,false,false,2026-01-17 17:35:16.708877+00,e568c1dd-5848-4b99-b351-77d5d2606d74
7ce0c041-573d-4001-bdf6-42d2f58a3410,de0f04fc-3013-403e-9ee6-ef7e5a39fc4d,chk_1768532185903_v51gvr24u,true,false,false,2026-01-17 17:45:36.603577+00,e568c1dd-5848-4b99-b351-77d5d2606d74
7d2a14a3-4f80-4d72-9008-36f4e8e935f4,6dca4a35-6c95-4940-9143-a060202e19cd,chk_1768529622288,true,false,false,2026-01-16 02:15:28.053801+00,e568c1dd-5848-4b99-b351-77d5d2606d74
7d6260fd-bf94-4acd-b45f-ab85d73d6e4a,9f1ac415-b54d-4adb-9f37-908f434024a1,chk_1768532185903_v51gvr24u,true,false,false,2026-01-17 17:40:15.668471+00,e568c1dd-5848-4b99-b351-77d5d2606d74
7ef344f3-055f-4331-841b-188741d3d236,837fd45b-10a4-471e-81c5-3795e41a8c13,chk_1768534967096_z2qvknbje,true,true,false,2026-01-17 18:43:23.287109+00,e568c1dd-5848-4b99-b351-77d5d2606d74
7f6fbd03-2369-43ef-8ade-594418b8b5c5,1f026c30-c1d1-49c6-be87-b789ae1e924f,chk_1768534289491_2i8sc61jq,true,true,false,2026-01-17 18:45:33.96475+00,e568c1dd-5848-4b99-b351-77d5d2606d74
808f56fb-8189-4026-b706-f5578a7131a5,84d5e071-2761-491f-a74a-b1af9af64783,chk_1768534289491_2i8sc61jq,true,true,false,2026-01-17 18:45:49.963046+00,e568c1dd-5848-4b99-b351-77d5d2606d74
80be0202-3e43-4b5c-aa35-abf87c212e49,1319317e-2971-4144-a02f-69727894dfcb,chk_1768532185903_v51gvr24u,true,false,false,2026-01-17 17:43:43.061258+00,e568c1dd-5848-4b99-b351-77d5d2606d74
80ed0743-0b21-4b60-998c-7ae9fb219f9f,78195f93-cd97-4305-89e0-5ef9bc2e3850,chk_1768532185903_v51gvr24u,true,true,false,2026-01-17 18:42:26.901477+00,e568c1dd-5848-4b99-b351-77d5d2606d74
80fd021d-699b-4895-b1c2-404a2287f498,6ee2c880-95ad-40f7-b1fa-2182b45901d7,chk_1768532185903_v51gvr24u,true,false,false,2026-01-17 18:25:20.030431+00,e568c1dd-5848-4b99-b351-77d5d2606d74
824920ea-3027-4457-912f-c5bef76484e9,c8e9020a-f446-4851-bee6-618d9b1bf564,chk_1768535170722_8sznjqkzl,true,true,false,2026-01-17 18:44:03.255995+00,e568c1dd-5848-4b99-b351-77d5d2606d74
83b54fbd-0fbb-431e-965a-bfb85450930c,c24aab2b-8bba-4b0d-b510-e39f2cbf1f30,chk_1768534614970_wldiuulvr,true,true,false,2026-01-17 18:44:56.318987+00,e568c1dd-5848-4b99-b351-77d5d2606d74
83e6ddfa-fb44-4e6b-a199-475e3f661125,84d5e071-2761-491f-a74a-b1af9af64783,chk_1768529622288,true,true,false,2026-01-16 02:15:28.053801+00,e568c1dd-5848-4b99-b351-77d5d2606d74
84d3fc12-f26b-4c22-b523-345b52f48f58,4c180556-5423-4985-aac0-a7082e0dda53,chk_1768531239676_a3rsp1649,true,false,false,2026-01-17 18:17:01.388841+00,e568c1dd-5848-4b99-b351-77d5d2606d74
86917123-205b-4a87-9433-bbee3cfefb03,c524fcbd-7b4b-438f-a4b5-810278754f3c,chk_1768535170722_8sznjqkzl,true,true,false,2026-01-17 18:46:09.099002+00,e568c1dd-5848-4b99-b351-77d5d2606d74
872ab4b9-91c7-412c-8365-7088c3b32c42,4ddd8018-32a6-4b7b-b69a-966ad37d3652,chk_1768534750797_yljef9es9,true,true,false,2026-01-16 03:52:10.406006+00,e568c1dd-5848-4b99-b351-77d5d2606d74
8763d791-e412-4331-82a4-63a5503034d0,c524fcbd-7b4b-438f-a4b5-810278754f3c,chk_1768529622288,true,true,false,2026-01-17 18:46:09.099002+00,e568c1dd-5848-4b99-b351-77d5d2606d74
8768a1fd-20bf-41da-a095-c53a75734912,bfd281b6-cd4e-4a84-b21a-583391ce5de4,chk_1768534078646_poatrjbcb,true,true,false,2026-01-17 18:46:25.132516+00,e568c1dd-5848-4b99-b351-77d5d2606d74
89d316e9-b2b3-4f58-bd50-4369fdc88870,510c7e2f-53be-4366-93e8-9071e8ff9296,chk_1768529622288,true,false,false,2026-01-16 02:15:28.053801+00,e568c1dd-5848-4b99-b351-77d5d2606d74
8a2037d0-fd0e-40c0-af53-7d19b2662610,4ddd8018-32a6-4b7b-b69a-966ad37d3652,chk_1768529622288,false,true,false,2026-01-16 02:15:28.053801+00,e568c1dd-5848-4b99-b351-77d5d2606d74
8a2f943f-02c7-4ca8-8a85-6b67d178027c,841744fa-8409-4751-b8e0-9749fa8f7809,chk_1768529622288,true,false,false,2026-01-16 02:15:28.053801+00,e568c1dd-5848-4b99-b351-77d5d2606d74
8ab7b934-2bcc-4a75-a15c-276111c0e5f0,a14804ec-9cff-432b-b9cb-a88d2977f08f,chk_1768534685157_eqtc08xoa,true,true,false,2026-01-17 18:44:40.941696+00,e568c1dd-5848-4b99-b351-77d5d2606d74
8cda61d5-9ca8-4585-870f-c4d13ddb55d6,65833156-69ac-4e97-b633-dbe22588fe85,chk_1768531239676_a3rsp1649,true,false,false,2026-01-17 17:48:28.943485+00,e568c1dd-5848-4b99-b351-77d5d2606d74
8d834c93-bd33-4ff1-95eb-1bcbd660fbfc,e23bba98-78b9-4a7b-8542-9bf36c965dbc,chk_1768531239676_a3rsp1649,true,false,false,2026-01-17 18:26:05.298445+00,e568c1dd-5848-4b99-b351-77d5d2606d74
8e13888b-b434-4b2b-a308-345799c0ee70,bfd281b6-cd4e-4a84-b21a-583391ce5de4,chk_1768535170722_8sznjqkzl,true,true,false,2026-01-17 18:46:25.132516+00,e568c1dd-5848-4b99-b351-77d5d2606d74
8f5ec98b-a345-4296-9c96-591451bd4538,e8bf9f79-53c8-4ef7-bcc2-432310ace4e1,chk_1768532185903_v51gvr24u,true,false,false,2026-01-17 17:46:30.054136+00,e568c1dd-5848-4b99-b351-77d5d2606d74
8f776e9e-58ef-4b62-a636-dae81d73c650,78195f93-cd97-4305-89e0-5ef9bc2e3850,chk_1768267134035,true,true,false,2026-01-17 18:42:26.901477+00,e568c1dd-5848-4b99-b351-77d5d2606d74
90db6b80-7b89-4288-a6b1-beb704bb29f2,6e793342-815b-4aec-81db-40179ef6c9f7,chk_1768529622288,true,false,false,2026-01-17 18:23:31.836547+00,e568c1dd-5848-4b99-b351-77d5d2606d74
90f3e9e6-7f6e-4b35-bf01-8d41cbff9e89,f0cc71b4-c65e-420d-9bf3-f4221f340458,chk_1768529622288,true,false,false,2026-01-17 17:35:38.512587+00,e568c1dd-5848-4b99-b351-77d5d2606d74
928c3ee7-0faf-4be7-8776-844e739428b2,f0cc71b4-c65e-420d-9bf3-f4221f340458,chk_1768532185903_v51gvr24u,true,false,false,2026-01-17 17:35:39.374747+00,e568c1dd-5848-4b99-b351-77d5d2606d74
92e60a09-7f1b-4f43-88ed-07859d81ca27,ad53f153-d00d-4bdf-981a-1d2813606509,chk_1768532185903_v51gvr24u,true,false,false,2026-01-17 17:35:17.078165+00,e568c1dd-5848-4b99-b351-77d5d2606d74
9334d35b-0714-427a-aeb3-d5829477039e,e23bba98-78b9-4a7b-8542-9bf36c965dbc,chk_1768529622288,true,false,false,2026-01-16 02:15:28.053801+00,e568c1dd-5848-4b99-b351-77d5d2606d74
93554933-151c-4398-ac6b-cc81dc1a5015,c24aab2b-8bba-4b0d-b510-e39f2cbf1f30,chk_1768534078646_poatrjbcb,true,true,false,2026-01-17 18:44:56.318987+00,e568c1dd-5848-4b99-b351-77d5d2606d74
940bfeed-055d-4a5d-a2f4-ee3d4dc0cd9a,1f026c30-c1d1-49c6-be87-b789ae1e924f,chk_1768534385446_17i9vkcsw,true,true,false,2026-01-17 18:45:33.96475+00,e568c1dd-5848-4b99-b351-77d5d2606d74
957c5583-36cf-40af-900b-dba0b060c994,397534d9-1734-4902-8e61-0eef0acb43a8,chk_1768529622288,true,false,false,2026-01-16 02:15:28.053801+00,e568c1dd-5848-4b99-b351-77d5d2606d74
958b101a-0348-4433-87a1-7a892bbce7c3,5f362e07-8eab-4626-97a2-ba141aa79fd7,chk_1768535170722_8sznjqkzl,true,true,false,2026-01-17 18:43:44.583162+00,e568c1dd-5848-4b99-b351-77d5d2606d74
95ed6240-6d9e-4244-8b8a-c6a3382b8656,c24aab2b-8bba-4b0d-b510-e39f2cbf1f30,chk_1768534685157_eqtc08xoa,true,true,false,2026-01-17 18:44:56.318987+00,e568c1dd-5848-4b99-b351-77d5d2606d74
967b2a16-42ed-4a20-827b-1f7431a1d76a,ad53f153-d00d-4bdf-981a-1d2813606509,chk_1768529622288,true,false,false,2026-01-16 02:15:28.053801+00,e568c1dd-5848-4b99-b351-77d5d2606d74
97a18485-7171-496f-9758-32589cbceb2e,a267184c-afdb-43b7-9480-9985bb784bb9,chk_1768531239676_a3rsp1649,true,false,false,2026-01-17 18:24:57.307746+00,e568c1dd-5848-4b99-b351-77d5d2606d74
97fb9707-20b5-47cd-b846-539715e0e584,78195f93-cd97-4305-89e0-5ef9bc2e3850,chk_1768534078646_poatrjbcb,true,true,false,2026-01-17 18:42:26.901477+00,e568c1dd-5848-4b99-b351-77d5d2606d74
9aa47f7c-4465-40fe-8bc2-fecf8f68c968,84d5e071-2761-491f-a74a-b1af9af64783,chk_1768534385446_17i9vkcsw,true,true,false,2026-01-17 18:45:49.963046+00,e568c1dd-5848-4b99-b351-77d5d2606d74
9c629249-0372-45c5-8b19-3df0b1041287,a14804ec-9cff-432b-b9cb-a88d2977f08f,chk_1768534289491_2i8sc61jq,true,true,false,2026-01-17 18:44:40.941696+00,e568c1dd-5848-4b99-b351-77d5d2606d74
9c7a54da-3ecc-4349-8971-9160902c0c50,c8e9020a-f446-4851-bee6-618d9b1bf564,chk_1768267134035,true,true,false,2026-01-17 18:44:03.255995+00,e568c1dd-5848-4b99-b351-77d5d2606d74
9d748143-473d-4bb8-9125-0971736df117,c89cbda8-3bd8-49cc-b5c1-7e531c3b004d,chk_1768529622288,true,false,false,2026-01-17 17:50:27.404528+00,e568c1dd-5848-4b99-b351-77d5d2606d74
9e5e66c1-23f5-4361-9ecc-706534c3c01b,25989df6-3d75-4855-a164-0859708e0e48,chk_1768532185903_v51gvr24u,true,false,false,2026-01-17 17:40:05.376587+00,e568c1dd-5848-4b99-b351-77d5d2606d74
9fcec023-ca96-4141-85cf-0255775bd94c,6dca4a35-6c95-4940-9143-a060202e19cd,chk_1768531239676_a3rsp1649,true,false,false,2026-01-17 18:16:35.812214+00,e568c1dd-5848-4b99-b351-77d5d2606d74
a3a3ae9e-f24c-4b83-8fe7-0e27fc1362fe,bfd281b6-cd4e-4a84-b21a-583391ce5de4,chk_1768534289491_2i8sc61jq,true,true,false,2026-01-17 18:46:25.132516+00,e568c1dd-5848-4b99-b351-77d5d2606d74
a5cfeb3e-ffc3-49a7-a8ac-cce45ef8a7ec,6ba7a622-32df-4b2a-aef7-1adf7a793c7c,chk_1768531239676_a3rsp1649,true,false,false,2026-01-17 17:47:17.637058+00,e568c1dd-5848-4b99-b351-77d5d2606d74
a5df05d7-5c24-43d3-9688-351b2818f650,27bca870-846c-4a02-823f-5a6b8fbc0d64,chk_1768532185903_v51gvr24u,true,false,false,2026-01-17 17:45:18.196099+00,e568c1dd-5848-4b99-b351-77d5d2606d74
a6e67dc1-62e8-442a-9568-995e7bf5f0c0,7e401c3b-3109-44a8-ae55-a073502f011c,chk_1768529622288,true,false,false,2026-01-16 02:15:28.053801+00,e568c1dd-5848-4b99-b351-77d5d2606d74
a751c696-cc7f-49a6-a41a-87d71b32c09d,1f026c30-c1d1-49c6-be87-b789ae1e924f,chk_1768532185903_v51gvr24u,true,true,false,2026-01-17 18:45:33.96475+00,e568c1dd-5848-4b99-b351-77d5d2606d74
a82a7046-fc7b-405b-b73f-8fed8b1fc9fb,f8d82007-388a-49f2-87ba-a196cb977bfc,chk_1768529622288,true,false,false,2026-01-17 17:50:40.310648+00,e568c1dd-5848-4b99-b351-77d5d2606d74
a88407e4-48ba-4d2e-a641-7d4a2c9a137a,6dca4a35-6c95-4940-9143-a060202e19cd,chk_1768532185903_v51gvr24u,true,false,false,2026-01-17 18:16:36.731174+00,e568c1dd-5848-4b99-b351-77d5d2606d74
a8af9528-7ca0-4686-b8be-b2ff656f4260,a7723ae4-6755-4ef8-a1e5-84567f018ac6,chk_1768532185903_v51gvr24u,true,false,false,2026-01-17 18:22:58.073217+00,e568c1dd-5848-4b99-b351-77d5d2606d74
a8c43840-2874-411a-87c6-05abe3f26a65,510c7e2f-53be-4366-93e8-9071e8ff9296,chk_1768531239676_a3rsp1649,true,false,false,2026-01-17 17:34:47.657953+00,e568c1dd-5848-4b99-b351-77d5d2606d74
a92c4ee1-c981-4c20-b71d-f2711ec94688,75d7ea31-a653-40b4-8e4d-0475f0833841,chk_1768531239676_a3rsp1649,true,false,false,2026-01-17 17:36:01.041506+00,e568c1dd-5848-4b99-b351-77d5d2606d74
a93612bd-d8a3-4f96-8590-96252115f808,a14804ec-9cff-432b-b9cb-a88d2977f08f,chk_1768534078646_poatrjbcb,true,true,false,2026-01-17 18:44:40.941696+00,e568c1dd-5848-4b99-b351-77d5d2606d74
aa9355fb-89c0-4f3a-8ab4-294c7014c029,1b07d8a1-2f49-4845-8aca-12f3224efe5d,chk_1768534385446_17i9vkcsw,true,true,false,2026-01-17 18:45:13.72703+00,e568c1dd-5848-4b99-b351-77d5d2606d74
aad4e5db-484d-4e8e-aa22-a3e541f140b9,2d3c8614-9e9a-4274-a732-fec8b1d3dc09,chk_1768534750797_yljef9es9,true,true,false,2026-01-17 18:42:58.426257+00,e568c1dd-5848-4b99-b351-77d5d2606d74
ab379fed-94e3-4f0b-987d-3f1c363f0cbb,5f362e07-8eab-4626-97a2-ba141aa79fd7,chk_1768534750797_yljef9es9,true,true,false,2026-01-17 18:43:44.583162+00,e568c1dd-5848-4b99-b351-77d5d2606d74
abe0a4a2-3d0f-44d8-8089-a87675e2a675,a14804ec-9cff-432b-b9cb-a88d2977f08f,chk_1768532185903_v51gvr24u,true,true,false,2026-01-17 18:44:40.941696+00,e568c1dd-5848-4b99-b351-77d5d2606d74
acb1ffeb-02bf-4c67-97f7-239a5396dd8b,837fd45b-10a4-471e-81c5-3795e41a8c13,chk_1768534750797_yljef9es9,true,true,false,2026-01-17 18:43:23.287109+00,e568c1dd-5848-4b99-b351-77d5d2606d74
acf073f3-e81c-4401-898c-f8873cb83436,dbe6de55-8bc3-449d-820c-808dd245cf41,chk_1768529622288,true,false,false,2026-01-16 02:15:28.053801+00,e568c1dd-5848-4b99-b351-77d5d2606d74
ad6d630a-73fb-4302-98d1-1457f434de98,2d3c8614-9e9a-4274-a732-fec8b1d3dc09,chk_1768529622288,true,true,false,2026-01-17 18:42:58.426257+00,e568c1dd-5848-4b99-b351-77d5d2606d74
addf581f-515c-4cd4-a942-65947f86f59e,5f362e07-8eab-4626-97a2-ba141aa79fd7,chk_1768532185903_v51gvr24u,true,true,false,2026-01-17 18:43:44.583162+00,e568c1dd-5848-4b99-b351-77d5d2606d74
ade0ef56-8f5e-478a-b978-99349e3c4036,e8bf9f79-53c8-4ef7-bcc2-432310ace4e1,chk_1768531239676_a3rsp1649,true,false,false,2026-01-17 17:46:29.469829+00,e568c1dd-5848-4b99-b351-77d5d2606d74
ae036dfc-be05-4bec-87a7-b5ea88266f4a,10bd0004-116e-45e2-9ac0-89f2c6204fa1,chk_1768529622288,true,false,false,2026-01-16 02:15:28.053801+00,e568c1dd-5848-4b99-b351-77d5d2606d74
af19b848-c833-486c-bed7-68d4898fc4ac,a3b59cb0-3f51-4fc5-a420-226fcd52340b,chk_1768531239676_a3rsp1649,true,false,false,2026-01-20 02:02:29.770665+00,e568c1dd-5848-4b99-b351-77d5d2606d74
b0c894c0-84e7-4a27-bcd1-6bbc1d8fe434,837fd45b-10a4-471e-81c5-3795e41a8c13,chk_1768535170722_8sznjqkzl,true,true,false,2026-01-17 18:43:23.287109+00,e568c1dd-5848-4b99-b351-77d5d2606d74
b0ec2b08-be39-47a1-bc6e-9cf5f69d0f8e,65833156-69ac-4e97-b633-dbe22588fe85,chk_1768529622288,true,false,false,2026-01-16 02:15:28.053801+00,e568c1dd-5848-4b99-b351-77d5d2606d74
b29757c7-e418-4b3e-92c9-15fb0dbb3cab,c8e9020a-f446-4851-bee6-618d9b1bf564,chk_1768534385446_17i9vkcsw,true,true,false,2026-01-17 18:44:03.255995+00,e568c1dd-5848-4b99-b351-77d5d2606d74
b2ec3f87-5c48-40dd-8ebd-d272d6d1fdbb,c24aab2b-8bba-4b0d-b510-e39f2cbf1f30,chk_1768535170722_8sznjqkzl,true,true,false,2026-01-17 18:44:56.318987+00,e568c1dd-5848-4b99-b351-77d5d2606d74
b35fc3cc-935f-4e61-b7d9-544bbf0dc0db,a7a896e9-ee8c-4306-ac6c-46d85f1e9458,chk_1768529622288,true,false,false,2026-01-16 02:15:28.053801+00,e568c1dd-5848-4b99-b351-77d5d2606d74
b36f16c2-6a6b-4173-afc5-b1e80e391ba3,72dfaa7a-b9cc-4ede-9828-d972e50607dc,chk_1768529622288,true,false,false,2026-01-16 02:15:28.053801+00,e568c1dd-5848-4b99-b351-77d5d2606d74
b802bbfd-0f66-4dfc-bbae-80d3568497a3,5cadccb2-0bc5-4a3c-a4c9-deac2266c47e,chk_1768529622288,true,false,false,2026-01-17 17:46:58.374644+00,e568c1dd-5848-4b99-b351-77d5d2606d74
b8cf3987-6328-40bc-af57-f5bbc13d4122,4ddd8018-32a6-4b7b-b69a-966ad37d3652,chk_1768534385446_17i9vkcsw,true,true,false,2026-01-16 03:52:55.73479+00,e568c1dd-5848-4b99-b351-77d5d2606d74
b9b7958a-aa47-46a2-9f03-cfe560c2d3df,6c253e01-0551-4cca-842e-0cc05e404235,chk_1768531239676_a3rsp1649,true,false,false,2026-01-17 18:19:29.457336+00,e568c1dd-5848-4b99-b351-77d5d2606d74
bb4e79c6-69e8-44cf-8992-09149d87d4e7,72dfaa7a-b9cc-4ede-9828-d972e50607dc,chk_1768531239676_a3rsp1649,true,false,false,2026-01-17 17:48:46.385484+00,e568c1dd-5848-4b99-b351-77d5d2606d74
be726f16-6e5c-4f60-af47-b58d0db12721,c8e9020a-f446-4851-bee6-618d9b1bf564,chk_1768531239676_a3rsp1649,true,true,false,2026-01-17 18:44:03.255995+00,e568c1dd-5848-4b99-b351-77d5d2606d74
bf48a1d6-bf49-49e6-8b7c-cbca0f8a1d7a,89865982-f980-4941-97e7-ae84b8804f43,chk_1768529622288,true,false,false,2026-01-17 18:16:15.106852+00,e568c1dd-5848-4b99-b351-77d5d2606d74
c093fcb8-28a6-4754-ab15-7d423f2d8ccc,c524fcbd-7b4b-438f-a4b5-810278754f3c,chk_1768534967096_z2qvknbje,true,true,false,2026-01-17 18:46:09.099002+00,e568c1dd-5848-4b99-b351-77d5d2606d74
c1861337-c7f9-4d22-a217-38271fbf6a9a,2d3c8614-9e9a-4274-a732-fec8b1d3dc09,chk_1768531239676_a3rsp1649,true,true,false,2026-01-17 18:42:58.426257+00,e568c1dd-5848-4b99-b351-77d5d2606d74
c1bd2e6b-26bf-4bd8-9345-b6aba3a328a3,84d5e071-2761-491f-a74a-b1af9af64783,chk_1768534750797_yljef9es9,true,true,false,2026-01-17 18:45:49.963046+00,e568c1dd-5848-4b99-b351-77d5d2606d74
c324a51f-ebd8-4bf9-a950-ca41581fa5b2,7e401c3b-3109-44a8-ae55-a073502f011c,chk_1768532185903_v51gvr24u,true,false,false,2026-01-17 17:42:37.787945+00,e568c1dd-5848-4b99-b351-77d5d2606d74
c3d3b0c1-7929-4e64-9b8e-2f06b4bd45ff,c8e9020a-f446-4851-bee6-618d9b1bf564,chk_1768534614970_wldiuulvr,true,true,false,2026-01-17 18:44:03.255995+00,e568c1dd-5848-4b99-b351-77d5d2606d74
c44412e2-b863-4196-b9c2-7b5a00b0b299,75d7ea31-a653-40b4-8e4d-0475f0833841,chk_1768532185903_v51gvr24u,true,false,false,2026-01-17 17:36:01.744134+00,e568c1dd-5848-4b99-b351-77d5d2606d74
c47942f6-1442-423e-b5e5-9476aa2e0e3e,a7723ae4-6755-4ef8-a1e5-84567f018ac6,chk_1768529622288,true,false,false,2026-01-17 18:22:56.950527+00,e568c1dd-5848-4b99-b351-77d5d2606d74
c4a3260a-743c-435c-b12b-db4648c464b4,f8d82007-388a-49f2-87ba-a196cb977bfc,chk_1768532185903_v51gvr24u,true,false,false,2026-01-17 17:50:41.273971+00,e568c1dd-5848-4b99-b351-77d5d2606d74
c4aa7c2c-80e6-4a34-bd48-a189bbc09c79,c8e9020a-f446-4851-bee6-618d9b1bf564,chk_1768534685157_eqtc08xoa,true,true,false,2026-01-17 18:44:03.255995+00,e568c1dd-5848-4b99-b351-77d5d2606d74
c5790407-f6e2-4400-961e-248de0179416,29e8b974-4129-41f7-8acc-87bf506c466f,chk_1768529622288,true,false,false,2026-01-16 02:15:28.053801+00,e568c1dd-5848-4b99-b351-77d5d2606d74
c5d7ebc3-3181-414f-b82c-2467fac86097,837fd45b-10a4-471e-81c5-3795e41a8c13,chk_1768534685157_eqtc08xoa,true,true,false,2026-01-17 18:43:23.287109+00,e568c1dd-5848-4b99-b351-77d5d2606d74
c61211ca-bcbe-4d3a-b10b-c04d61475b40,db6d8d6c-e1ef-4cc0-a4e5-3629cfc16190,chk_1768529622288,true,false,false,2026-01-16 02:15:28.053801+00,e568c1dd-5848-4b99-b351-77d5d2606d74
c75885de-a9ed-4372-8d9d-03cf2ead93a3,78195f93-cd97-4305-89e0-5ef9bc2e3850,chk_1768534385446_17i9vkcsw,true,true,false,2026-01-17 18:42:26.901477+00,e568c1dd-5848-4b99-b351-77d5d2606d74
c7abd602-fdaf-41da-8a3f-b02e1561ebd4,c8e9020a-f446-4851-bee6-618d9b1bf564,chk_1768534750797_yljef9es9,true,true,false,2026-01-17 18:44:03.255995+00,e568c1dd-5848-4b99-b351-77d5d2606d74
c7b6eb82-43a2-400e-aaa5-979fef9b208f,c24aab2b-8bba-4b0d-b510-e39f2cbf1f30,chk_1768267134035,true,true,false,2026-01-17 18:44:56.318987+00,e568c1dd-5848-4b99-b351-77d5d2606d74
c7dd0efc-ff0c-4511-907e-43829e76561b,8295c348-2a9d-4767-ac78-a53dec74efa1,chk_1768532185903_v51gvr24u,true,true,false,2026-01-16 02:59:19.927972+00,e568c1dd-5848-4b99-b351-77d5d2606d74
c93039c2-c706-4739-98d7-491ea37cdf99,1b07d8a1-2f49-4845-8aca-12f3224efe5d,chk_1768534967096_z2qvknbje,true,true,false,2026-01-17 18:45:13.72703+00,e568c1dd-5848-4b99-b351-77d5d2606d74
c9ab193f-207b-4f5a-b99d-e9f724ea23c3,837fd45b-10a4-471e-81c5-3795e41a8c13,chk_1768529622288,true,true,false,2026-01-16 02:15:28.053801+00,e568c1dd-5848-4b99-b351-77d5d2606d74
ca9f7bec-0664-48b2-a055-b1bf659165af,a7a896e9-ee8c-4306-ac6c-46d85f1e9458,chk_1768532185903_v51gvr24u,true,false,false,2026-01-17 18:17:22.175851+00,e568c1dd-5848-4b99-b351-77d5d2606d74
cae85348-e2f3-4049-854b-fd31fb1fa2bf,cf0fea6d-9e91-484f-9c09-282b8018b6f6,chk_1768531239676_a3rsp1649,true,false,false,2026-01-17 18:14:55.446388+00,e568c1dd-5848-4b99-b351-77d5d2606d74
caeb3488-9261-4697-9cb7-034b6977ac12,27bca870-846c-4a02-823f-5a6b8fbc0d64,chk_1768529622288,true,false,false,2026-01-16 02:15:28.053801+00,e568c1dd-5848-4b99-b351-77d5d2606d74
cc114c88-c427-4316-a495-a726a6e540a8,84d5e071-2761-491f-a74a-b1af9af64783,chk_1768534078646_poatrjbcb,true,true,false,2026-01-17 18:45:49.963046+00,e568c1dd-5848-4b99-b351-77d5d2606d74
cc17c8fc-24b7-464b-a64b-db18e5ee1f6b,6c253e01-0551-4cca-842e-0cc05e404235,chk_1768532185903_v51gvr24u,true,false,false,2026-01-17 18:19:29.852858+00,e568c1dd-5848-4b99-b351-77d5d2606d74
ccedf042-db2a-40f5-b877-c6067e94155a,837fd45b-10a4-471e-81c5-3795e41a8c13,chk_1768531239676_a3rsp1649,true,true,false,2026-01-17 18:43:23.287109+00,e568c1dd-5848-4b99-b351-77d5d2606d74
cd44703c-006d-419a-9d8c-092b6cdffcee,a3b59cb0-3f51-4fc5-a420-226fcd52340b,chk_1768532185903_v51gvr24u,true,false,false,2026-01-20 02:02:29.197138+00,e568c1dd-5848-4b99-b351-77d5d2606d74
cd845ed1-d48c-45d6-b38e-12cdf91fd366,1b07d8a1-2f49-4845-8aca-12f3224efe5d,chk_1768532185903_v51gvr24u,true,true,false,2026-01-17 18:45:13.72703+00,e568c1dd-5848-4b99-b351-77d5d2606d74
ce668359-bf9d-48a8-b8b8-ba7cb18ac062,e1bcd103-deb2-4f4f-b175-65b6ffe308d6,chk_1768532185903_v51gvr24u,true,true,false,2026-01-17 18:44:23.453141+00,e568c1dd-5848-4b99-b351-77d5d2606d74
cf366f1d-732a-4403-90db-bda0e764ad5b,8295c348-2a9d-4767-ac78-a53dec74efa1,chk_1768534078646_poatrjbcb,true,true,false,2026-01-16 03:53:27.914323+00,e568c1dd-5848-4b99-b351-77d5d2606d74
d12240e5-51f2-43fd-8d3d-b33eac37faf5,1f026c30-c1d1-49c6-be87-b789ae1e924f,chk_1768535170722_8sznjqkzl,true,true,false,2026-01-17 18:45:33.96475+00,e568c1dd-5848-4b99-b351-77d5d2606d74
d1889522-412b-443a-8d29-94b292b8ca3b,8e501f33-519f-4f12-a448-5672d0baf306,chk_1768531239676_a3rsp1649,true,false,false,2026-01-17 17:42:57.219469+00,e568c1dd-5848-4b99-b351-77d5d2606d74
d1e06ada-2f01-4408-b8bf-270b2fbd2b75,2d3c8614-9e9a-4274-a732-fec8b1d3dc09,chk_1768532185903_v51gvr24u,true,true,false,2026-01-17 18:42:58.426257+00,e568c1dd-5848-4b99-b351-77d5d2606d74
d2478ad6-dad2-4143-9933-3f5e3fa4d61e,84d5e071-2761-491f-a74a-b1af9af64783,chk_1768534967096_z2qvknbje,true,true,false,2026-01-17 18:45:49.963046+00,e568c1dd-5848-4b99-b351-77d5d2606d74
d288f4a8-abc4-4741-b7f0-e1b9b66c6ada,839b69db-2b73-4806-8736-17d07d5ca848,chk_1768529622288,true,false,false,2026-01-16 02:15:28.053801+00,e568c1dd-5848-4b99-b351-77d5d2606d74
d2b92968-dc13-4d62-b33a-0d5b567d6cff,4ddd8018-32a6-4b7b-b69a-966ad37d3652,chk_1768534078646_poatrjbcb,true,true,false,2026-01-16 03:53:28.969315+00,e568c1dd-5848-4b99-b351-77d5d2606d74
d349a8c1-bbc2-4bcd-aa1a-02ca790e0085,c8be72ce-90f9-4ac1-a31a-015e55930fe4,chk_1768532185903_v51gvr24u,true,false,false,2026-01-17 17:38:35.034087+00,e568c1dd-5848-4b99-b351-77d5d2606d74
d467e569-a9ec-499f-b3da-978ca81aea3d,78195f93-cd97-4305-89e0-5ef9bc2e3850,chk_1768534750797_yljef9es9,true,true,false,2026-01-17 18:42:26.901477+00,e568c1dd-5848-4b99-b351-77d5d2606d74
d4ccfba1-5375-473d-878b-0f22e330963f,4c180556-5423-4985-aac0-a7082e0dda53,chk_1768532185903_v51gvr24u,true,false,false,2026-01-17 18:17:01.735172+00,e568c1dd-5848-4b99-b351-77d5d2606d74
d6b329ac-e2c6-45ea-a0ab-d87252c2d685,c8be72ce-90f9-4ac1-a31a-015e55930fe4,chk_1768529622288,true,false,false,2026-01-17 17:38:33.924899+00,e568c1dd-5848-4b99-b351-77d5d2606d74
d6b80cd9-c879-4f0e-81bb-ffb45e0daed5,c524fcbd-7b4b-438f-a4b5-810278754f3c,chk_1768267134035,true,true,false,2026-01-17 18:46:09.099002+00,e568c1dd-5848-4b99-b351-77d5d2606d74
d6b8bc9f-eba4-48f3-90a1-3a455332c1cc,bfd281b6-cd4e-4a84-b21a-583391ce5de4,chk_1768529622288,true,true,false,2026-01-16 02:15:28.053801+00,e568c1dd-5848-4b99-b351-77d5d2606d74
d850d308-5d61-4e6f-8e98-23b848ad9675,b7f6e1f8-de3f-410c-8578-35a5a917cce7,chk_1768529622288,true,false,false,2026-01-17 17:50:50.003875+00,e568c1dd-5848-4b99-b351-77d5d2606d74
d9653508-7762-4c97-a285-1747c83c0226,8295c348-2a9d-4767-ac78-a53dec74efa1,chk_1768529622288,false,true,false,2026-01-16 02:15:28.053801+00,e568c1dd-5848-4b99-b351-77d5d2606d74
d9995a3d-0a39-4589-87f5-bc8273a37682,5f362e07-8eab-4626-97a2-ba141aa79fd7,chk_1768534078646_poatrjbcb,true,true,false,2026-01-17 18:43:44.583162+00,e568c1dd-5848-4b99-b351-77d5d2606d74
dd5ab758-ff5a-46f0-878f-ff2947c728d2,5299c04d-3da3-4be3-9c25-5d4f2c6b8b7c,chk_1768531239676_a3rsp1649,true,false,false,2026-01-17 17:40:36.694017+00,e568c1dd-5848-4b99-b351-77d5d2606d74
de6cafb0-051f-40bc-9131-2b00e4cd3767,6c253e01-0551-4cca-842e-0cc05e404235,chk_1768529622288,true,false,false,2026-01-17 18:19:29.148259+00,e568c1dd-5848-4b99-b351-77d5d2606d74
deb835a1-6099-421a-8006-8e31d2893fc4,1b07d8a1-2f49-4845-8aca-12f3224efe5d,chk_1768534614970_wldiuulvr,true,true,false,2026-01-17 18:45:13.72703+00,e568c1dd-5848-4b99-b351-77d5d2606d74
df79288c-0d94-436b-849b-91137187f909,a14804ec-9cff-432b-b9cb-a88d2977f08f,chk_1768529622288,true,true,false,2026-01-17 18:44:40.941696+00,e568c1dd-5848-4b99-b351-77d5d2606d74
df7a5794-5035-4f51-acdf-6b7a038f8346,197fda01-45d4-4218-9afc-09ece49d6649,chk_1768531239676_a3rsp1649,true,false,false,2026-01-17 17:41:36.244301+00,e568c1dd-5848-4b99-b351-77d5d2606d74
dfb077fd-d5d7-4e5c-951e-5f26e0af9c23,03e832dd-1532-4b41-9d93-0c875d384f22,chk_1768531239676_a3rsp1649,true,false,false,2026-01-17 17:41:56.064613+00,e568c1dd-5848-4b99-b351-77d5d2606d74
e0737cc3-a5af-4ace-af70-40cc59c541d2,89865982-f980-4941-97e7-ae84b8804f43,chk_1768532185903_v51gvr24u,true,false,false,2026-01-17 18:16:16.407652+00,e568c1dd-5848-4b99-b351-77d5d2606d74
e282c319-1b8b-4113-aac5-91fc9d4eb9a4,197fda01-45d4-4218-9afc-09ece49d6649,chk_1768529622288,true,false,false,2026-01-17 17:41:34.872525+00,e568c1dd-5848-4b99-b351-77d5d2606d74
e2c90e0e-1f09-4fc3-b665-875947c1a6a4,8295c348-2a9d-4767-ac78-a53dec74efa1,chk_1768534385446_17i9vkcsw,true,true,false,2026-01-16 03:52:55.349988+00,e568c1dd-5848-4b99-b351-77d5d2606d74
e415bb64-ff1b-4b1d-9a7c-800876992dfb,8295c348-2a9d-4767-ac78-a53dec74efa1,chk_1768534614970_wldiuulvr,true,true,false,2026-01-16 03:52:41.77547+00,e568c1dd-5848-4b99-b351-77d5d2606d74
e4fa725e-f732-44fa-babf-58a8976e1efc,839b69db-2b73-4806-8736-17d07d5ca848,chk_1768532185903_v51gvr24u,true,false,false,2026-01-17 18:20:49.971133+00,e568c1dd-5848-4b99-b351-77d5d2606d74
e51754ee-727a-4bbe-9e5a-66a60c6effd7,e1bcd103-deb2-4f4f-b175-65b6ffe308d6,chk_1768535170722_8sznjqkzl,true,true,false,2026-01-17 18:44:23.453141+00,e568c1dd-5848-4b99-b351-77d5d2606d74
e66da5da-3d56-4122-bc07-c7651d50d17d,2d3c8614-9e9a-4274-a732-fec8b1d3dc09,chk_1768535170722_8sznjqkzl,true,true,false,2026-01-17 18:42:58.426257+00,e568c1dd-5848-4b99-b351-77d5d2606d74
e745ec06-2bfd-426c-a4d6-7cd02fca33b5,78195f93-cd97-4305-89e0-5ef9bc2e3850,chk_1768535170722_8sznjqkzl,true,true,false,2026-01-17 18:42:26.901477+00,e568c1dd-5848-4b99-b351-77d5d2606d74
e777eaff-796d-4561-91e5-f30c49bf8b38,78195f93-cd97-4305-89e0-5ef9bc2e3850,chk_1768534685157_eqtc08xoa,true,true,false,2026-01-17 18:42:26.901477+00,e568c1dd-5848-4b99-b351-77d5d2606d74
e7d7c048-7afb-4044-9e5b-277831d2096a,b84d7c0c-f049-49ae-b224-966a1ef2df9f,chk_1768529622288,true,false,false,2026-01-16 02:15:28.053801+00,e568c1dd-5848-4b99-b351-77d5d2606d74
e7eff4ee-a103-46b9-a8af-d3282450c433,25989df6-3d75-4855-a164-0859708e0e48,chk_1768529622288,true,false,false,2026-01-17 17:40:03.751598+00,e568c1dd-5848-4b99-b351-77d5d2606d74
e85e4b05-8d45-4719-80a5-4d9bf4c27642,4ddd8018-32a6-4b7b-b69a-966ad37d3652,chk_1768534967096_z2qvknbje,true,true,false,2026-01-16 03:51:50.080962+00,e568c1dd-5848-4b99-b351-77d5d2606d74
e8a693dd-1517-4853-89f0-d6a4a636557b,3abd0f8e-1e09-4d71-b323-8945583d424b,chk_1768532185903_v51gvr24u,true,false,false,2026-01-17 17:47:36.650081+00,e568c1dd-5848-4b99-b351-77d5d2606d74
e8ccaf7b-21dd-4502-a2e3-b16cb270c8ec,1b07d8a1-2f49-4845-8aca-12f3224efe5d,chk_1768534078646_poatrjbcb,true,true,false,2026-01-17 18:45:13.72703+00,e568c1dd-5848-4b99-b351-77d5d2606d74
e8de09d5-5684-4d55-9913-bc01452869b9,8d2ccc37-d3d4-4dc8-b7ba-151c54ae5f27,chk_1768529622288,true,false,false,2026-01-16 02:15:28.053801+00,e568c1dd-5848-4b99-b351-77d5d2606d74
eb294a64-b1cc-45cc-99ab-876e9bace6bc,e1bcd103-deb2-4f4f-b175-65b6ffe308d6,chk_1768534078646_poatrjbcb,true,true,false,2026-01-17 18:44:23.453141+00,e568c1dd-5848-4b99-b351-77d5d2606d74
ebbe1337-09e0-4025-824a-5d05f33dac2b,e1bcd103-deb2-4f4f-b175-65b6ffe308d6,chk_1768534385446_17i9vkcsw,true,true,false,2026-01-17 18:44:23.453141+00,e568c1dd-5848-4b99-b351-77d5d2606d74
ebc427cf-bc1a-4c3c-8be7-13da0ba0c6f3,72dfaa7a-b9cc-4ede-9828-d972e50607dc,chk_1768532185903_v51gvr24u,true,false,false,2026-01-17 17:48:46.726198+00,e568c1dd-5848-4b99-b351-77d5d2606d74
ec2dfc2f-6ebe-4c5b-b5ff-3866db11a459,c524fcbd-7b4b-438f-a4b5-810278754f3c,chk_1768534750797_yljef9es9,true,true,false,2026-01-17 18:46:09.099002+00,e568c1dd-5848-4b99-b351-77d5d2606d74
ec3deb92-ae85-4952-ba81-172b179b9231,bfd281b6-cd4e-4a84-b21a-583391ce5de4,chk_1768531239676_a3rsp1649,true,true,false,2026-01-17 18:46:25.132516+00,e568c1dd-5848-4b99-b351-77d5d2606d74
eda6b72d-40bd-433e-96f2-ef6fe8a4b45c,e1bcd103-deb2-4f4f-b175-65b6ffe308d6,chk_1768534289491_2i8sc61jq,true,true,false,2026-01-17 18:44:23.453141+00,e568c1dd-5848-4b99-b351-77d5d2606d74
ee2c89d9-1096-437a-a8ec-a00d5c678291,84d5e071-2761-491f-a74a-b1af9af64783,chk_1768534614970_wldiuulvr,true,true,false,2026-01-17 18:45:49.963046+00,e568c1dd-5848-4b99-b351-77d5d2606d74
effa99aa-2a63-4988-8d48-7e23851ccee2,5cadccb2-0bc5-4a3c-a4c9-deac2266c47e,chk_1768531239676_a3rsp1649,true,false,false,2026-01-17 17:46:58.845137+00,e568c1dd-5848-4b99-b351-77d5d2606d74
f2447a6b-c237-4a67-b255-3d48fad4a8ee,10bd0004-116e-45e2-9ac0-89f2c6204fa1,chk_1768531239676_a3rsp1649,true,false,false,2026-01-17 18:29:20.689939+00,e568c1dd-5848-4b99-b351-77d5d2606d74
f2b71501-3172-4017-a793-c4a20f7fb6c6,c24aab2b-8bba-4b0d-b510-e39f2cbf1f30,chk_1768534289491_2i8sc61jq,true,true,false,2026-01-17 18:44:56.318987+00,e568c1dd-5848-4b99-b351-77d5d2606d74
f6efe1f4-adfd-44fa-b29f-9e8773515891,f8d82007-388a-49f2-87ba-a196cb977bfc,chk_1768531239676_a3rsp1649,true,false,false,2026-01-17 17:50:40.873513+00,e568c1dd-5848-4b99-b351-77d5d2606d74
f812274c-f905-4f44-8677-6403690b3fd5,e23bba98-78b9-4a7b-8542-9bf36c965dbc,chk_1768532185903_v51gvr24u,true,false,false,2026-01-17 18:26:05.768416+00,e568c1dd-5848-4b99-b351-77d5d2606d74
f82c899a-eb52-4c6f-9869-0125528d0259,c8e9020a-f446-4851-bee6-618d9b1bf564,chk_1768529622288,true,true,false,2026-01-16 02:15:28.053801+00,e568c1dd-5848-4b99-b351-77d5d2606d74
f951c58f-1cfd-4aff-9749-aa337d9338a8,6e793342-815b-4aec-81db-40179ef6c9f7,chk_1768531239676_a3rsp1649,true,false,false,2026-01-17 18:23:33.28904+00,e568c1dd-5848-4b99-b351-77d5d2606d74
fb056142-1da2-47a7-82ea-e3c65b9c6029,78195f93-cd97-4305-89e0-5ef9bc2e3850,chk_1768534614970_wldiuulvr,true,true,false,2026-01-17 18:42:26.901477+00,e568c1dd-5848-4b99-b351-77d5d2606d74
fb7095b5-c94e-481d-a30c-c604b3c3a20c,8295c348-2a9d-4767-ac78-a53dec74efa1,chk_1768267134035,true,false,false,2026-01-15 03:34:39.591845+00,e568c1dd-5848-4b99-b351-77d5d2606d74
fda60eb6-d9ba-42f0-8402-fee7bb9a0157,4ddd8018-32a6-4b7b-b69a-966ad37d3652,chk_1768534289491_2i8sc61jq,true,true,false,2026-01-16 03:53:12.27652+00,e568c1dd-5848-4b99-b351-77d5d2606d74
fe2617b2-993a-4b10-a9ec-b492335a10a1,5f362e07-8eab-4626-97a2-ba141aa79fd7,chk_1768267134035,true,true,false,2026-01-17 18:43:44.583162+00,e568c1dd-5848-4b99-b351-77d5d2606d74
fe2cd15b-39b4-440c-b092-a01f58417267,c524fcbd-7b4b-438f-a4b5-810278754f3c,chk_1768534289491_2i8sc61jq,true,true,false,2026-01-17 18:46:09.099002+00,e568c1dd-5848-4b99-b351-77d5d2606d74
ff3370a5-479c-40e9-897c-0fa8128024d5,2b98be8b-2733-4bd7-b380-b1b26cefffd1,chk_1768532185903_v51gvr24u,true,false,false,2026-01-17 17:44:19.675289+00,e568c1dd-5848-4b99-b351-77d5d2606d74
ff6a263a-c766-413e-99ea-2086bc9bc2c6,837fd45b-10a4-471e-81c5-3795e41a8c13,chk_1768532185903_v51gvr24u,true,true,false,2026-01-17 18:43:23.287109+00,e568c1dd-5848-4b99-b351-77d5d2606d74